,typeId,itemName,buyavg,buyfivePercent,buymax,buymedian,buymin,buystdDev,buyvariance,buyvolume,buywavg,sellavg,sellfivePercent,sellmax,sellmedian,sellmin,sellstdDev,sellvariance,sellvolume,sellwavg
0,179,Nuclear S,2.38,5.01,12.86,2.77,1.0,2.42,5.84,20713500,2.62,10.47,5.82,29.0,8.93,2.88,4.78,22.81,28226257,11.5
1,180,Proton S,2.69,5.02,5.02,2.76,1.0,0.82,0.68,10255000,2.89,13.97,6.34,75.0,13.0,5.87,10.24,104.94,30540495,13.02
2,181,Depleted Uranium S,5.02,11.21,11.31,11.0,2.0,3.07,9.42,29030000,8.57,19.17,10.39,100.0,16.63,5.01,14.95,223.53,25247294,17.29
3,183,Fusion S,7.87,11.53,14.81,7.5,2.5,3.71,13.73,34040000,7.57,31.22,17.51,180.0,27.45,5.85,22.35,499.65,43679936,30.13
4,184,Phased Plasma S,8.84,15.41,15.41,10.31,2.58,3.57,12.75,12800235,8.73,31.28,17.11,112.0,26.25,8.0,20.25,409.92,47409846,30.2
5,185,EMP S,15.47,26.48,29.0,26.0,6.45,5.98,35.7,21621000,22.72,47.86,28.32,160.0,45.0,10.0,21.39,457.34,54932671,47.27
6,186,Carbonized Lead M,5.62,7.99,19.63,4.79,2.0,3.41,11.59,12967371,5.07,30.72,15.05,200.0,26.5,8.01,25.02,626.02,15786751,39.58
7,187,Nuclear M,12.59,21.95,21.96,9.34,3.0,6.04,36.48,7680000,13.19,59.14,30.95,219.6,59.93,16.05,30.47,928.42,12230605,64.57
8,188,Proton M,24.78,47.34,68.9,16.15,3.12,20.01,400.4,3952000,24.88,86.83,57.2,200.0,72.0,16.51,36.56,1336.88,14450383,80.78
9,189,Depleted Uranium M,34.99,62.03,75.0,60.0,14.04,17.73,314.42,11215000,51.01,94.37,61.65,309.9,94.47,20.51,35.88,1287.48,14871769,98.19
10,190,Titanium Sabot M,28.32,65.24,65.25,46.0,5.31,21.65,468.8,9998000,36.93,90.7,60.47,324.8,97.0,9.55,31.82,1012.41,13198662,102.86
11,191,Fusion M,47.71,84.0,84.01,80.0,25.0,19.9,395.83,11217000,70.34,108.18,77.92,299.8,100.0,37.42,41.85,1751.84,20095666,114.33
12,192,Phased Plasma M,48.38,70.83,85.0,65.21,27.5,16.55,273.86,12880000,57.33,139.92,78.34,450.0,136.0,30.01,60.7,3684.64,21215468,140.08
13,193,EMP M,62.63,91.14,102.5,62.31,16.82,16.43,269.92,7846438,67.36,178.34,91.83,500.0,160.0,29.0,72.91,5316.13,37022577,172.21
14,194,Carbonized Lead L,13.75,18.78,78.0,10.06,2.0,17.08,291.63,3135000,10.61,72.06,28.0,500.0,67.0,20.01,55.04,3029.18,8507373,71.35
15,195,Nuclear L,14.94,21.75,67.0,12.24,5.22,12.56,157.88,12144973,12.54,106.96,69.74,699.6,96.32,30.01,96.13,9241.77,5643334,101.79
16,196,Proton L,19.39,38.07,38.12,30.0,6.25,11.26,126.89,7000000,22.73,114.69,68.78,380.0,120.0,34.12,52.52,2758.07,8211579,130.83
17,197,Depleted Uranium L,48.07,90.46,90.47,89.53,25.05,24.25,587.97,4021000,65.58,148.09,101.37,258.2,150.0,50.01,38.11,1452.01,5499375,155.88
18,198,Titanium Sabot L,45.1,101.62,127.0,30.3,9.95,37.25,1387.56,3745000,60.26,189.39,109.06,500.0,173.0,50.0,90.96,8273.89,9353823,193.19
19,199,Fusion L,104.77,148.03,148.3,109.45,50.0,27.26,743.24,7033000,114.74,218.54,170.77,498.0,218.7,2.14,70.4,4956.62,13458979,218.31
20,200,Phased Plasma L,77.43,177.21,177.4,150.0,31.07,57.4,3294.69,5769400,111.34,285.68,208.94,900.0,247.0,80.0,104.56,10931.83,13018246,269.75
21,201,EMP L,112.65,204.7,204.7,195.05,28.6,60.3,3636.47,5873000,148.41,324.43,210.54,900.0,300.0,1.01,126.88,16099.07,13668915,335.45
22,216,Tungsten Charge S,2.58,5.25,5.25,1.0,0.85,1.5,2.25,29195456,2.36,13.85,5.75,49.98,13.0,3.0,9.11,82.95,43999809,17.14
23,217,Iridium Charge S,2.84,6.86,6.91,1.89,0.51,2.01,4.06,31760739,2.81,15.29,6.82,64.0,12.0,0.17,10.72,114.81,43911960,13.38
24,218,Lead Charge S,5.07,6.05,7.21,6.0,2.0,1.52,2.31,110206002,5.95,14.01,6.71,100.0,11.0,1.01,13.81,190.73,35489308,10.74
25,219,Thorium Charge S,5.42,8.61,11.16,5.25,1.27,2.8,7.86,14615002,4.76,17.61,9.65,69.99,14.8,5.31,10.36,107.32,36787063,17.39
26,220,Uranium Charge S,6.05,13.05,20.0,2.85,2.0,4.55,20.74,17564402,6.14,25.47,14.19,171.5,22.48,10.0,17.2,295.87,30622965,24.56
27,221,Plutonium Charge S,7.39,13.09,14.0,5.2,1.7,3.92,15.38,14272000,6.75,21.9,13.8,100.0,20.0,2.0,13.35,178.19,25981945,21.43
28,222,Antimatter Charge S,16.75,25.32,34.59,21.0,7.5,6.04,36.47,68003462,20.0,39.44,23.93,499.7,28.0,10.01,38.29,1465.87,124931478,39.58
29,223,Iron Charge M,9.12,23.0,24.48,6.1,3.0,6.53,42.65,13231007,11.0,35.51,18.97,177.9,40.0,8.0,18.18,330.66,37867322,37.88
30,224,Tungsten Charge M,16.48,25.64,52.42,12.3,3.0,11.1,123.26,9803000,13.84,46.11,26.06,160.7,33.97,1.05,24.37,593.84,21464212,46.47
31,225,Iridium Charge M,23.58,30.73,106.9,17.3,9.9,17.26,297.94,14840400,20.18,70.54,33.47,350.0,56.95,15.0,54.71,2993.02,19061490,60.81
32,226,Lead Charge M,12.82,20.87,50.24,11.0,3.0,8.29,68.77,28200002,11.38,54.08,34.22,160.6,55.0,2.1,23.64,558.64,20155153,53.84
33,227,Thorium Charge M,19.49,55.05,55.1,22.81,3.5,16.01,256.21,8711557,29.75,93.15,58.85,499.8,95.66,1.03,51.36,2638.11,15556928,93.53
34,228,Uranium Charge M,20.55,55.29,55.32,21.32,5.3,18.3,334.72,9545002,30.07,82.12,62.27,199.9,80.0,7.5,28.14,792.14,17975567,87.46
35,229,Plutonium Charge M,10.8,32.05,35.0,13.07,2.54,6.83,46.64,12963000,11.99,68.96,38.96,189.9,71.5,32.5,24.11,581.16,20152581,74.17
36,231,Iron Charge L,22.97,45.01,45.03,17.98,3.5,14.41,207.55,5598002,19.46,79.21,41.6,210.0,67.5,1.01,43.56,1897.39,9381086,71.34
37,232,Tungsten Charge L,14.77,33.09,33.19,4.55,4.01,9.39,88.15,16688000,12.68,110.94,58.78,399.0,96.32,30.0,65.6,4303.63,11496208,99.56
38,233,Iridium Charge L,26.27,40.58,46.14,21.1,6.31,13.19,173.9,10095000,20.4,118.09,42.73,500.0,97.0,25.01,78.64,6184.81,12105963,101.54
39,234,Lead Charge L,38.43,67.14,67.15,40.47,8.25,17.88,319.8,6835002,37.67,155.84,106.23,300.0,180.0,1.03,58.71,3447.18,11540239,169.25
40,235,Thorium Charge L,32.99,55.13,55.26,28.62,5.98,13.36,178.42,3693115,27.27,151.52,100.64,474.8,145.0,32.32,57.72,3331.57,14245848,146.33
41,236,Uranium Charge L,60.86,113.02,113.2,100.0,19.02,32.28,1042.06,5118004,84.62,229.71,149.94,599.0,195.0,60.01,98.3,9663.23,8322673,210.72
42,237,Plutonium Charge L,60.37,110.24,110.7,68.11,15.0,26.38,696.05,4400000,75.8,203.91,121.28,600.0,192.0,80.0,88.08,7757.47,16338317,194.53
43,238,Antimatter Charge L,115.04,193.68,220.9,93.19,19.0,49.54,2453.77,11246009,111.0,252.36,193.59,1759.0,216.0,99.8,148.23,21972.44,45969047,233.88
44,244,Xray S,352.06,1033.97,2000.0,22.51,20.0,509.85,259943.75,141353,88.89,11977.24,2756.3,88890.0,7699.0,200.1,14037.37,197047790.0,36332,13549.98
45,252,Xray M,5589.66,6443.14,17730.0,6249.0,550.0,4592.85,21094296.14,102846,5252.69,37094.55,18622.84,108000.0,33100.0,11000.0,18125.33,328527492.39,31875,38128.97
46,260,Xray L,8288.19,18405.04,19350.0,17795.0,2000.0,6696.44,44842346.79,36112,12977.11,71315.44,27717.03,280000.0,74735.0,14280.0,37742.62,1424505544.18,11828,73635.06
47,485,150mm Light AutoCannon I,3396.0,7154.05,9677.0,1787.5,1777.0,2402.15,5770325.37,14006,2215.89,29726.36,14137.41,149100.0,15990.0,1778.0,26674.17,711511089.77,29815,23682.86
48,486,200mm AutoCannon I,6953.72,14530.17,17770.0,7381.0,1000.0,4605.83,21213645.76,14242,6668.68,41389.85,19986.13,135000.0,33000.0,19000.0,20688.19,428001257.76,33729,32241.19
49,487,250mm Light Artillery Cannon I,6918.38,20903.71,28000.0,2001.0,787.0,8781.59,77116278.05,7001,5590.94,60813.18,34760.28,146700.0,48600.0,28000.0,26394.57,696673227.4,21599,61063.69
50,488,280mm Howitzer Artillery I,29750.0,33334.63,33670.0,33330.0,15100.0,6166.76,38028975.0,20411,33239.79,87234.9,37687.62,299400.0,74800.0,29000.0,44276.49,1960407537.66,17519,78737.91
51,490,220mm Vulcan AutoCannon I,52156.67,71170.0,71210.0,40000.0,2100.0,23672.96,560408800.0,1192,49370.64,203393.68,148013.6,424900.0,182200.0,125000.0,62954.28,3963240810.75,8890,209417.01
52,491,425mm AutoCannon I,147891.0,211600.0,211600.0,211550.0,50000.0,68515.04,4694310143.33,1382,197239.58,318722.73,202952.24,780100.0,266900.0,200000.0,124449.31,15487630971.79,13649,288926.32
53,492,650mm Artillery Cannon I,66150.56,113846.47,322400.0,7765.0,7527.0,80582.7,6493571839.6,4444,24792.94,343148.15,185292.86,999600.0,447000.0,140000.0,145082.31,21048876128.58,3254,419186.51
54,493,720mm Howitzer Artillery I,181383.85,263045.61,340000.0,50040.0,12830.0,145609.64,21202167458.97,11485,70482.54,573732.0,323579.63,1492000.0,439800.0,290000.0,252995.47,64006707881.08,7633,558395.61
55,494,Dual 425mm AutoCannon I,117202.5,173700.0,173700.0,117055.0,61000.0,64891.75,4210938691.67,350,157257.71,593296.77,470765.66,1201000.0,499900.0,200100.0,231390.77,53541690322.58,2876,574253.82
56,495,Dual 650mm Repeating Cannon I,285340.0,631300.0,631300.0,627400.0,50000.0,314062.04,98634968000.0,330,401909.09,1368905.0,1202680.78,1995000.0,1238500.0,600100.0,354238.55,125484948921.05,958,1434956.05
57,496,800mm Repeating Cannon I,1163650.0,1317880.0,1503000.0,1000000.0,319700.0,353878.28,125229839090.91,1824,1058358.0,2632786.96,1798992.86,7404000.0,2000000.0,900100.0,1196520.63,1431661607549.41,1045,2324019.43
58,498,1400mm Howitzer Artillery I,1270841.67,1775000.0,1775000.0,1628000.0,250100.0,517998.03,268321955378.79,586,1433913.82,3364652.17,2317611.11,5476000.0,2734500.0,1880000.0,876621.96,768466054106.28,1926,3190953.79
59,499,Light Missile Launcher I,8137.71,10245.55,29410.0,5164.0,1500.0,7508.91,56383753.61,31632,5083.07,25826.73,10556.64,75020.0,21000.0,6001.0,10730.18,115136834.62,80885,25245.01
60,583,Condor,197393.43,383700.0,383700.0,250200.0,66110.0,108401.6,11750906417.31,3902,256258.72,483336.44,273109.74,2000000.0,461000.0,190000.0,232303.94,53965121796.67,4387,491486.19
61,585,Slasher,172138.62,345600.0,345600.0,293500.0,50570.0,102450.83,10496173533.74,1848,221860.36,433032.99,197948.19,1999000.0,420000.0,120000.0,235797.15,55600298145.21,4950,473861.05
62,590,Inquisitor,152485.26,264074.07,265200.0,100250.0,45000.0,86681.75,7513725490.47,1849,151733.57,515646.15,246260.54,1485000.0,559950.0,200000.0,216555.15,46896133598.01,3667,631805.45
63,591,Tormentor,119590.78,366260.0,366300.0,91000.0,36840.0,101881.46,10379832743.37,3587,167968.36,448938.26,170660.87,2000000.0,420000.0,114900.0,267634.34,71628139070.35,1837,476946.98
64,598,Breacher,182693.23,375000.0,375000.0,301900.0,75090.0,96192.52,9253001255.91,3327,266910.24,403318.13,169868.53,1081000.0,397950.0,100000.0,184803.05,34152167060.42,3081,408518.86
65,599,Burst,64008.4,115141.12,115900.0,114100.0,30000.0,31440.86,988527480.67,1992,82611.7,331749.01,124482.91,2800000.0,239950.0,105400.0,313624.75,98360484899.51,2938,328685.33
66,602,Kestrel,181814.85,441500.0,441500.0,245000.0,53500.0,140575.99,19761609194.51,2179,272165.04,501328.53,239235.62,1401000.0,512500.0,198900.0,176715.56,31228389922.13,7075,501284.41
67,603,Merlin,90809.69,151372.41,151400.0,115100.0,35070.0,30042.41,902546243.65,7038,99675.92,313948.83,168964.38,950000.0,299000.0,100000.0,139822.24,19550260164.33,8625,302438.04
68,609,Maulus,163096.42,324578.12,328400.0,81000.0,31220.0,98920.53,9785270919.59,4036,134126.97,552979.7,335625.61,2000000.0,750200.0,247000.0,264623.94,70025831830.52,5763,735787.66
69,622,Stabber,6439245.28,9847013.16,9943000.0,7138000.0,1270000.0,2507244.86,6286276796406.11,1329,6794289.69,12520463.49,7067226.89,35000000.0,11500000.0,5000000.0,3614277.17,13062999478758.46,1945,11842749.61
70,623,Moa,5640519.48,9188545.45,9190000.0,6076000.0,1000000.0,2561916.53,6563416305536.57,600,5735380.0,11674960.78,6963632.08,34990000.0,11500000.0,5000000.0,3349043.08,11216089549019.61,2000,11616530.0
71,624,Maller,4414272.88,9654000.0,9654000.0,2604000.0,540000.0,2411084.77,5813329765803.62,374,3938034.76,12014279.87,8196583.33,32000000.0,11495000.0,5000000.0,3267866.75,10678953110697.79,1651,11558149.0
72,626,Vexor,6446191.67,10202500.0,10220000.0,7081500.0,1000000.0,2646019.63,7001419887324.93,1221,6546340.7,12939099.24,9335815.48,36960000.0,11500000.0,8499000.0,3453685.51,11927943620229.01,3060,12390716.34
73,627,Thorax,5508548.39,9492016.67,9493000.0,7000000.0,1303000.0,2534763.29,6425024946002.8,831,6054468.11,11328351.61,7232073.39,30000000.0,11000000.0,5999000.0,2995629.52,8973796196356.62,1997,11090997.5
74,631,Scythe,5331383.72,8728857.14,10180000.0,5751000.0,1000000.0,2250038.73,5062674286320.11,938,5205348.61,10661446.7,6205486.49,30000000.0,10000000.0,4500000.0,3671908.98,13482915523930.38,1407,10898625.44
75,649,Tayra,943420.64,2254400.0,2255000.0,554000.0,5001.0,655834.07,430118322216.57,2144,827572.13,3508347.83,2202853.8,12990000.0,2639500.0,1700000.0,1419043.04,2013683136130.62,2852,3117423.21
76,652,Mammoth,1053155.56,2059000.0,2059000.0,1132500.0,260000.0,453340.25,205517378539.68,478,1174629.71,3305282.21,2011355.93,10550000.0,2700000.0,1800000.0,1572448.2,2472593327274.1,1128,3064455.67
77,657,Iteron Mark V,1140998.46,2296400.0,2340000.0,1500000.0,250000.0,583821.43,340847457966.35,1112,1421735.34,4195836.07,2108523.18,28000000.0,2950000.0,1834000.0,3312923.23,10975460308563.42,2994,3521135.6
78,1201,Wasp I,43958.53,95016.67,95020.0,62145.0,11000.0,27113.08,735119231.11,10690,60856.73,129115.98,79852.91,300000.0,103000.0,50000.0,43470.54,1889687439.45,59935,120318.33
79,1875,Rapid Light Missile Launcher I,7141.49,10646.35,50000.0,6462.0,1000.0,7932.03,62917136.48,12075,5697.55,65951.16,28628.73,310900.0,55000.0,24000.0,48178.23,2321141926.87,19080,57864.92
80,2006,Omen,6333988.24,11000000.0,11000000.0,8100000.0,1183000.0,2951535.21,8711560107002.8,766,7082582.25,12383624.11,7240500.0,29000000.0,12000000.0,5000000.0,2955028.27,8732192064612.21,1263,12570197.15
81,2161,Crucifier,155303.45,321731.91,334700.0,110400.0,45180.0,101221.76,10245844667.47,3097,148109.29,465832.24,270644.04,1399000.0,428250.0,200000.0,200284.43,40113853457.22,4376,479070.66
82,2173,Infiltrator I,23878.87,39009.9,40000.0,30000.0,8000.0,8456.67,71515306.39,57639,29267.26,57341.42,40046.52,155000.0,45000.0,20000.0,23724.85,562868446.36,69576,54248.5
83,2183,Hammerhead I,13770.48,30001.33,31210.0,22360.0,5055.0,7304.65,53357898.89,43771,20391.1,48979.66,28021.09,125000.0,39920.0,18010.0,21163.45,447891575.74,134875,44235.19
84,2193,Praetor I,34515.16,65000.0,65000.0,45000.0,11000.0,11462.9,131398085.81,19988,41982.66,116398.42,82781.04,299900.0,110850.0,35000.0,41990.3,1763185618.52,37378,115658.45
85,2203,Acolyte I,2100.01,3612.62,4764.0,2845.0,623.6,1075.44,1156571.88,95828,2465.16,8590.38,3728.97,34750.0,5794.5,2001.0,5785.17,33468199.58,224887,7527.01
86,2444,Ogre I,21907.23,40101.95,104000.0,12075.0,3499.0,16189.19,262089756.22,51035,21152.48,91796.96,44445.54,306100.0,84810.0,29000.0,43470.2,1889658482.14,52069,93257.79
87,2454,Hobgoblin I,2393.76,4083.85,5127.0,3500.0,778.0,981.02,962400.42,191314,2945.67,8222.97,4065.6,45000.0,9860.0,2501.0,5849.83,34220557.91,780302,13509.6
88,2464,Hornet I,3401.58,5970.08,5971.0,4480.0,1000.0,1475.58,2177329.98,113231,4385.74,9973.31,4803.69,50000.0,7000.0,4000.0,5824.19,33921132.27,205167,8156.13
89,2476,Berserker I,20879.59,39050.77,39980.0,19805.0,7201.0,8535.7,72858251.91,49242,20639.94,71168.35,38474.21,250000.0,75000.0,30000.0,35499.47,1260212232.36,41858,76810.19
90,2486,Warrior I,4033.45,6624.83,33000.0,3814.0,1000.0,4011.97,16095902.46,96159,3693.67,15764.76,7266.37,63900.0,12110.0,3000.0,10922.42,119299203.8,260587,21385.7
91,3766,Vigil,199217.39,381738.46,427600.0,223000.0,39300.0,92526.87,8561221024.15,2238,206947.41,669147.48,227863.44,1999000.0,599900.0,220000.0,377613.08,142591635265.35,2972,685518.37
92,4393,Drone Damage Amplifier I,29448.81,50000.0,50000.0,42000.0,10000.0,11693.24,136731883.91,11131,37376.94,102408.49,48610.91,400000.0,88990.0,40000.0,46145.4,2129397741.02,22116,95808.78
93,10246,Mining Drone I,6376.59,9208.64,11950.0,9163.0,2222.0,3002.98,9017913.41,87992,8282.22,24354.88,11200.56,80000.0,14970.0,8399.0,13045.77,170192013.31,168163,19700.06
94,11457,R.Db - Viziam,134.53,146.16,586.2,42.02,40.13,187.93,35317.93,2570086,87.16,63170.95,1195.05,188200.0,10000.0,999.8,80173.62,6427808850.89,91805,44299.16
95,11461,R.Db - Boundless Creations,49.25,45.07,100.0,45.0,40.72,19.15,366.89,10365000,45.02,2708.3,799.64,6000.0,800.0,586.3,1614.6,2606917.76,128672,1476.1
96,11475,R.A.M.- Armor/Hull Tech,331.9,560.7,560.7,559.0,52.28,142.07,20184.31,1398452,386.34,862.63,519.66,2325.0,794.05,364.6,273.1,74584.78,836092,821.52
97,11476,R.A.M.- Ammunition Tech,262.68,404.58,405.0,355.6,80.0,126.3,15951.79,1322740,283.81,944.24,594.44,5160.0,818.2,500.0,626.27,392217.08,1124387,895.37
98,11478,R.A.M.- Starship Tech,348.15,604.5,604.6,304.2,57.05,193.56,37464.03,1778371,388.11,1243.09,662.7,4950.0,1980.0,364.6,794.6,631388.87,8250560,1802.7
99,11481,R.A.M.- Robotics,201.09,401.39,450.0,235.6,30.11,134.88,18192.56,952200,228.18,819.62,494.41,2488.0,686.9,364.6,360.63,130054.76,771578,712.65
100,11482,R.A.M.- Energy Tech,261.35,472.24,472.3,323.0,51.01,105.79,11191.9,916500,272.14,1024.22,455.1,5000.0,996.0,364.6,739.38,546680.9,745600,976.62
101,11483,R.A.M.- Electronics,442.82,566.99,1000.0,503.0,70.0,192.39,37012.46,2227144,422.06,2079.73,720.56,5985.0,847.5,364.6,1386.09,1921259.19,2848309,1511.24
102,11484,R.A.M.- Shield Tech,251.53,313.12,500.0,162.9,104.0,115.23,13277.05,894579,205.51,1039.72,498.92,5000.0,652.1,450.0,918.64,843896.22,678022,806.29
103,11486,R.A.M.- Weapon Tech,235.96,511.1,511.1,250.3,60.0,136.74,18698.94,1141700,247.91,1199.46,818.15,3500.0,1121.5,364.6,496.56,246567.45,966688,1113.69
104,11530,Plasma Thruster,25173.9,39327.16,45250.0,31060.0,1001.0,15212.4,231417255.07,88825,24924.23,53677.78,38460.61,129900.0,44910.0,11010.0,15777.21,248920355.0,281283,48717.46
105,11531,Ion Thruster,27503.08,37349.59,40190.0,28395.0,14100.0,8643.03,74701926.15,52038,28443.03,50439.29,39447.67,114900.0,42520.0,34130.0,13851.01,191850504.94,229433,45667.68
106,11532,Fusion Thruster,21885.63,39289.61,41100.0,19010.0,461.4,14415.14,207796365.73,59182,15911.95,46773.08,38053.19,90000.0,42640.0,34100.0,12931.79,167231321.86,152616,43843.36
107,11533,Magpulse Thruster,20936.65,30245.66,34180.0,23740.0,526.4,13016.57,169431035.65,49578,19862.01,46421.95,38458.46,89990.0,41200.0,38450.0,9676.59,93636456.1,181748,44236.56
108,11534,Gravimetric Sensor Cluster,13962.7,25299.27,30000.0,21265.0,481.2,10296.83,106024805.4,65572,18371.72,39535.11,30105.3,89990.0,30910.0,29960.0,14444.24,208635947.27,309280,33474.09
109,11535,Magnetometric Sensor Cluster,19310.25,25839.25,28000.0,20510.0,3000.0,6805.51,46314922.3,33498,20897.87,34820.56,23999.87,89900.0,29815.0,23990.0,10546.1,111220126.1,261934,30104.98
110,11536,Ladar Sensor Cluster,20210.94,26272.33,32840.0,20000.0,1000.0,8932.73,79793591.13,62557,17736.77,37456.0,27236.63,80110.0,30950.0,27220.0,13938.92,194293532.31,204395,32783.27
111,11537,Radar Sensor Cluster,18911.15,24397.78,30100.0,20245.0,250.0,10631.45,113027692.86,112338,13406.47,39739.59,28139.91,88000.0,31230.0,28130.0,14064.08,197798416.5,215235,33948.67
112,11539,Nanoelectrical Microprocessor,33672.22,48936.99,55420.0,40000.0,3000.0,15311.73,234449020.18,79338,37506.9,58464.0,48570.86,129600.0,52120.0,47940.0,11821.88,139756740.76,535646,53574.22
113,11540,Quantum Microprocessor,42055.94,56302.52,62010.0,30890.0,5000.0,18333.17,336105282.48,237617,36202.64,68856.86,57980.0,179000.0,64000.0,57950.0,14553.0,211789714.7,915334,68655.26
114,11541,Photon Microprocessor,20591.09,38595.44,50000.0,5208.0,1507.0,15369.49,236221355.17,113399,17282.83,57526.77,36999.92,125400.0,43000.0,30000.0,17573.31,308821370.0,2009021,46484.59
115,11542,Fernite Carbide Composite Armor Plate,7787.0,9665.23,10130.0,8000.0,1999.0,2761.18,7624105.5,300295,7860.15,11670.36,9672.05,29900.0,10975.0,9598.0,3180.14,10113295.05,3547226,11379.05
116,11543,Tungsten Carbide Armor Plate,7163.22,10164.39,10390.0,8046.0,1000.0,2983.11,8898966.05,378617,7830.62,14211.26,9659.72,34830.0,11220.0,8000.0,5515.24,30417840.27,3196700,12877.63
117,11544,Titanium Diborite Armor Plate,7563.15,10349.47,10620.0,8561.0,1000.0,2848.46,8113705.46,571325,8177.16,13803.58,10682.16,34950.0,11480.0,10500.0,5432.52,29512292.67,2578332,12366.43
118,11545,Crystalline Carbonide Armor Plate,6561.61,9396.34,10120.0,8010.0,777.0,3027.3,9164520.75,329012,7099.97,12862.0,9550.26,36000.0,10950.0,1.01,4858.03,23600436.42,3153647,12857.79
119,11547,Fusion Reactor Unit,93562.9,127028.12,150000.0,105900.0,40000.0,32137.62,1032826667.96,18138,101180.82,173963.16,127266.73,349000.0,154800.0,124800.0,48435.01,2345949957.33,73119,160193.64
120,11548,Nuclear Reactor Unit,95247.7,120187.43,134500.0,79995.0,9307.0,36552.9,1336114214.33,13322,80470.85,176833.33,127107.49,380000.0,144450.0,125500.0,61125.5,3736326666.67,15565,167196.75
121,11549,Antimatter Reactor Unit,45963.64,110609.13,132000.0,1905.0,302.9,51377.3,2639627391.5,76929,15260.75,161238.24,130984.52,249900.0,142600.0,115900.0,36416.89,1326189705.88,116592,140500.35
122,11550,Graviton Reactor Unit,70751.64,111786.27,120000.0,96000.0,1000.0,46676.71,2178715536.82,22858,73507.56,142783.33,122159.84,259000.0,131950.0,122100.0,25438.11,647097428.57,62988,134424.71
123,11551,Electrolytic Capacitor Unit,38595.75,50276.58,60190.0,43780.0,9825.0,12966.2,168122324.41,44617,41357.28,69867.8,48920.0,179000.0,59660.0,48920.0,26677.87,711708872.56,179392,60510.54
124,11552,Scalar Capacitor Unit,38328.74,53940.0,53940.0,39500.0,1000.0,18523.9,343134782.11,69626,39558.82,76881.75,57170.0,185300.0,61125.0,57170.0,27393.51,750404604.55,135484,65795.31
125,11553,Oscillator Capacitor Unit,28070.08,41613.44,41640.0,38190.0,3123.0,14943.71,223314482.08,60496,33136.85,61636.31,42057.85,130000.0,50410.0,42000.0,20103.74,404160382.6,343850,59555.35
126,11554,Tesseract Capacitor Unit,33220.5,47547.76,51000.0,37500.0,1000.0,17246.98,297458342.17,103287,30682.85,66813.59,51003.72,159000.0,52255.0,50000.0,20559.04,422674248.78,358685,57475.06
127,11555,Deflection Shield Emitter,29684.96,38607.47,43720.0,35680.0,1009.0,13639.09,186024718.46,56861,32780.63,49270.23,38639.52,129600.0,40975.0,38630.0,17935.92,321697290.64,164528,43361.04
128,11556,Pulse Shield Emitter,29275.11,41653.4,49000.0,32820.0,1114.0,14026.08,196730789.34,85268,27991.41,52286.23,41342.69,129800.0,46850.0,40970.0,17344.94,300846926.77,333914,55257.39
129,11557,Linear Shield Emitter,23071.65,40365.48,42310.0,33025.0,1004.0,15170.12,230132525.87,134922,25398.97,55629.13,43869.15,129600.0,45485.0,42000.0,20435.78,417621092.56,141882,49363.55
130,11558,Sustained Shield Emitter,21798.97,39244.36,45200.0,10960.0,1250.0,14673.08,215299280.15,78894,20379.24,54623.31,40861.69,129500.0,44870.0,30000.0,19939.4,397579794.67,565490,49274.51
131,11688,Particle Accelerator Unit,18279.61,27909.06,35000.0,13260.0,800.1,9000.12,81002089.33,68923,11736.77,31350.94,25617.27,69890.0,26490.0,120.1,9681.88,93738727.13,406798,30151.78
132,11689,Laser Focusing Crystals,18685.04,25942.16,29700.0,20530.0,5000.0,8018.62,64298228.65,117494,20069.43,35518.0,26259.41,87300.0,28700.0,10000.0,14191.81,201407454.05,266794,30060.63
133,11690,Superconductor Rails,8851.12,21180.07,23160.0,304.2,100.0,8428.61,71041416.3,92610,5300.28,31030.71,20973.39,70000.0,29275.0,20960.0,11370.33,129284509.23,259764,28936.63
134,11691,Thermonuclear Trigger Unit,18615.0,23733.41,40000.0,22065.0,2817.0,7929.16,62871630.86,84801,18977.5,31415.45,24500.79,65000.0,26010.0,24390.0,9663.69,93386949.22,1669139,26327.25
135,11692,Nuclear Pulse Generator,13201.0,22740.96,23300.0,18745.0,1017.0,9232.98,85247930.77,47023,17133.0,28864.4,22348.33,49990.0,22850.0,22320.0,6795.87,46183874.12,253270,24535.02
136,11693,Graviton Pulse Generator,19381.0,26032.5,26050.0,19770.0,2238.0,7480.89,55963743.0,71470,19133.81,28887.41,24743.25,50000.0,25165.0,24710.0,6797.6,46207336.55,331923,26185.09
137,11694,EM Pulse Generator,10916.27,22426.58,26010.0,14480.0,1000.0,10113.62,102285358.97,64824,12298.1,27893.12,23505.91,49900.0,25705.0,1001.0,8119.58,65927611.51,300863,26778.01
138,11695,Plasma Pulse Generator,15539.26,20764.84,26030.0,1601.0,1601.0,9136.99,83484525.93,253050,5063.01,30565.62,24029.42,71000.0,24290.0,24000.0,9811.07,96257054.92,201827,27778.15
139,13320,Cruise Missile Launcher I,14466.4,18008.33,18010.0,13670.0,7039.0,3271.52,10702858.25,11860,14112.04,79905.19,42537.81,230000.0,85000.0,40640.0,33051.93,1092429963.03,12748,80818.36
140,15508,Vespa I,18985.45,30482.29,75000.0,27250.0,5040.0,12238.12,149771684.25,44843,25330.69,55211.17,33305.23,150000.0,44980.0,29460.0,22403.56,501919659.01,100289,48650.73
141,15510,Valkyrie I,13345.84,31000.0,31000.0,24375.0,5000.0,7685.26,59063270.52,24768,21086.89,51998.63,30798.0,150000.0,42440.0,16470.0,23165.99,536663203.18,86912,48385.92
142,20138,Heavy Assault Missile Launcher I,22469.74,30676.3,34090.0,28150.0,3785.0,10592.83,112208014.2,14972,26366.09,149764.25,94936.56,394300.0,124550.0,69000.0,52049.97,2709199656.58,10579,142914.33
143,23057,Dragonfly I,1691094.29,4319000.0,4319000.0,1000000.0,176500.0,1375907.65,1893121870554.62,1742,1406007.18,5114112.36,3286627.74,12910000.0,4695000.0,3000000.0,1578747.51,2492443714504.6,2409,4894550.02
144,23525,Curator I,68384.58,130000.0,130000.0,71050.0,20010.0,24204.62,585863399.82,7271,80801.58,234549.62,144017.06,530100.0,199000.0,90000.0,81711.7,6676801306.68,15591,216034.25
145,23559,Warden I,85814.44,150025.0,150100.0,119650.0,30000.0,38464.85,1479544955.56,2124,112495.79,302168.59,177889.33,750000.0,247400.0,125000.0,121700.09,14810911329.61,20575,271599.19
146,23561,Garde I,56990.33,101648.65,102500.0,11570.0,8300.0,36212.62,1311354178.38,5696,39202.67,222830.37,99426.11,715200.0,200000.0,40100.0,109037.6,11889197652.85,14794,219383.2
147,23563,Bouncer I,43541.92,100009.09,100100.0,46320.0,9526.0,25995.54,675767961.21,7720,44106.9,196796.71,97967.04,500000.0,159750.0,80000.0,73548.18,5409334882.09,19301,180882.78
148,25954,Large Semiconductor Memory Cell I,3343785.71,4426736.84,4427000.0,4376500.0,1500000.0,1249580.56,1561451565934.07,301,3902019.93,7056339.81,4537368.42,17480000.0,5290000.0,4496000.0,2437205.15,5939968952027.41,1222,6517509.0
149,26038,Large Projectile Ambit Extension I,10005.0,10010.0,10010.0,10000.0,10000.0,7.07,50.0,120,10001.67,13187600.0,1100000.0,23000000.0,2910000.0,1100000.0,9129650.21,83350512916666.67,189,9180486.77
150,26046,Large Projectile Burst Aerator I,362300.0,500200.0,500600.0,224200.0,224200.0,159348.88,25392066666.67,125,257336.0,2076218.75,1085322.58,5890000.0,1499000.0,1001000.0,1211569.06,1467899595766.13,431,1854199.54
151,26048,Large Projectile Collision Accelerator I,110075.0,110700.0,110700.0,109500.0,109000.0,780.49,609166.67,240,109691.67,2251812.5,1089500.0,9000000.0,1837000.0,1089000.0,2032410.68,4130693189516.13,467,1933132.76
152,26088,Large Core Defense Field Extender I,2879965.52,3312076.92,3313000.0,3302000.0,2000000.0,486312.84,236500177339.9,1900,3241982.63,5135793.94,3558902.86,10010000.0,4274000.0,3470000.0,1492102.98,2226371298743.53,3480,4758073.28
153,28668,Nanite Repair Paste,11395.57,18256.02,18270.0,15000.0,2439.0,5852.24,34248729.67,1057914,11957.12,24774.03,19709.02,69000.0,21570.0,15020.0,7071.46,50005495.75,6618787,23032.21
154,28999,Optimal Range Script,1939.75,6581.17,6582.0,1502.5,100.0,2221.94,4937026.43,45280,2893.27,22656.48,9951.28,58000.0,17995.0,3500.0,11514.8,132590505.7,141204,19385.28
155,29001,Tracking Speed Script,4684.59,6827.34,12500.0,5310.0,1600.0,2527.46,6388029.75,66728,4881.1,24334.8,9831.86,78020.0,19990.0,3500.0,14354.8,206060416.89,84919,22241.73
156,29005,Optimal Range Disruption Script,2481.97,5064.0,5064.0,4196.0,30.13,2222.93,4941438.62,10035,3226.33,38030.04,9833.58,126400.0,19785.0,9446.0,29206.34,853010467.41,67831,29599.56
157,29007,Tracking Speed Disruption Script,4321.0,6030.1,6040.0,6027.5,1800.0,1856.88,3448010.53,56857,4354.51,26904.89,10465.22,100000.0,20140.0,4001.0,18496.61,342124496.78,70897,25133.23
158,29009,Targeting Range Script,2681.58,6920.0,6920.0,2184.0,999.2,1514.6,2294007.01,30957,2806.85,24202.01,9801.69,80020.0,9980.5,2185.0,15162.72,229907995.88,206661,14923.05
159,29011,Scan Resolution Script,3039.03,5765.96,5769.0,5022.5,100.0,2316.07,5364160.47,88016,3716.48,30313.71,8549.93,100200.0,19500.0,5000.0,23916.92,572019189.88,179742,21034.12
160,29013,Scan Resolution Dampening Script,3176.23,5673.81,6004.0,100.1,22.93,2594.47,6731262.13,92500,765.42,25400.65,9164.63,140400.0,11975.0,4001.0,25500.2,650260290.34,86520,18584.63
161,29015,Targeting Range Dampening Script,4863.65,6320.9,7104.0,4652.0,2255.0,1342.95,1803505.82,44114,4684.26,29966.6,9706.13,174100.0,15960.0,4001.0,28937.41,837373657.29,83216,20793.04
162,31047,Medium Auxiliary Nano Pump I,906352.78,1520652.17,1559000.0,1000000.0,420000.0,247967.54,61487899134.92,858,1048331.47,2346630.06,1508703.81,6490000.0,1800000.0,1409000.0,751298.06,564448780951.74,6761,2111572.4
163,31358,Small Ancillary Current Router I,366428.57,487060.56,687200.0,407850.0,167800.0,103965.43,10808811005.29,2302,390585.01,744287.87,517401.87,2077000.0,593550.0,475000.0,269873.06,72831467564.44,17013,669538.05
164,31360,Medium Ancillary Current Router I,2394826.09,2878142.86,2904000.0,2542000.0,1000000.0,485009.75,235234457971.01,1724,2591717.52,4095205.74,3151120.1,7212000.0,3560000.0,2965000.0,862373.25,743687616120.72,6959,3848212.67
165,31406,Small Semiconductor Memory Cell I,99073.33,115440.0,115500.0,102400.0,75050.0,18706.54,349934525.0,834,102856.83,421058.82,153162.44,1000000.0,263200.0,151000.0,213776.97,45700591625.27,7657,353697.98
166,31668,Small Projectile Burst Aerator I,14085.83,12459.25,55000.0,10700.0,5000.0,13185.44,173855917.42,1498,10761.51,143603.07,57077.39,720000.0,71820.0,50700.0,141809.64,20109973700.81,8841,101938.09
167,33400,Bastion Module I,6070193.55,7530160.0,8028000.0,7005000.0,1001000.0,1909695.15,3646935561290.32,483,6560679.09,12047097.14,8610727.61,30000000.0,8967000.0,8395000.0,3303548.2,10913430685911.33,2708,10481570.53
168,33448,Rapid Heavy Missile Launcher I,41222.5,47382.5,50000.0,46290.0,21020.0,9064.44,82164140.0,3145,44271.7,132882.14,70168.78,499900.0,97500.0,60500.0,69872.92,4882224285.05,11417,115554.11
169,35794,Missile Range Script,5993.63,7898.05,8000.0,6240.0,99.0,2752.13,7574201.47,33623,6096.52,40203.51,9475.61,250000.0,23260.0,4000.0,41723.42,1740843760.06,63167,30164.14
170,35795,Missile Precision Script,4598.28,6637.48,10000.0,5254.0,600.0,2020.41,4082072.79,65186,4080.64,23850.98,10502.51,70000.0,23330.0,4000.0,12417.68,154198656.61,75607,21576.72
171,37288,Rapid Torpedo Launcher I,23592090.91,62900000.0,62900000.0,15290000.0,3381000.0,17343072.9,300782177690909.1,44,17265181.82,111686875.0,68900000.0,150000000.0,94750000.0,68900000.0,24459430.55,598263742916666.6,68,101116911.76
172,40334,Missile Range Disruption Script,2232.45,4800.97,5201.0,58.02,57.99,2389.32,5708869.91,23015,345.07,21201.69,6131.6,63870.0,18870.0,4001.0,11579.92,134094473.31,54073,17859.81
173,40335,Missile Precision Disruption Script,2292.74,3817.0,3817.0,1302.0,100.0,1562.63,2441820.74,44365,2404.64,29288.36,10752.83,84470.0,18915.0,3990.0,20697.86,428401273.04,46423,22512.95
174,41155,ECCM Script,5056.67,6023.4,50000.0,100.0,100.0,8363.62,69950124.25,162119,1414.97,23361.09,9666.67,81160.0,17570.0,4001.0,14890.15,221716457.67,122255,23547.26
175,43699,Ice Harvesting Drone I,30171.78,70000.0,70000.0,25060.0,4249.0,22922.68,525449096.91,6816,36302.96,157592.9,74197.16,638300.0,124000.0,50000.0,92581.35,8571306901.95,20955,150353.23
176,47035,Standup Templar I,6669769.23,7574000.0,7574000.0,7549000.0,4030000.0,1306507.57,1706962024615.38,790,6631579.75,11231368.42,6500000.0,20050000.0,9834000.0,6500000.0,3332605.42,11106258912280.7,532,9371966.17
177,47138,Standup Dragonfly I,5237315.79,7702000.0,7702000.0,7306000.0,2000000.0,2103118.0,4423105339181.29,607,6010476.11,10458533.33,7501000.0,19690000.0,9881000.0,7501000.0,2840750.38,8069862695238.1,612,9613815.36
178,47139,Standup Firbolg I,6259827.59,8003000.0,8003000.0,7803000.0,2000000.0,2010286.81,4041253076354.68,960,6776568.75,12068766.67,7500758.93,20050000.0,9880000.0,7500000.0,3937169.84,15501306322988.51,741,10968914.98
179,47140,Standup Einherji I,6804352.94,8340000.0,8340000.0,8328000.0,2000000.0,2219751.17,4927295242647.06,560,7673719.64,11470935.48,7475000.0,20050000.0,10000000.0,7475000.0,3309816.72,10954886729032.26,874,10834201.37
180,60276,Simple Asteroid Mining Crystal Type A I,21436.41,32448.12,40000.0,30680.0,5004.0,8621.3,74326786.68,81662,29352.54,111901.68,36208.62,321500.0,97935.0,32000.0,59800.13,3576055574.92,205334,104182.92
181,60285,Coherent Asteroid Mining Crystal Type A I,38268.6,66140.0,66140.0,33365.0,4499.0,21276.87,452705251.94,6510,34995.38,242892.17,80142.33,699800.0,180000.0,50000.0,136587.09,18656031880.8,44433,211461.57
